,strategy,factor,CAGR,daily_sharpe,max_drawdown,avg_drawdown,win_ratio,ytd,MA,std
0,p_20_0_1_v_5_0_4,居家生活&p_ic,0.024173875281541246,84.35,-0.3887480318948685,-0.21756701735982842,0.5,0.0,20,0.4
1,p_20_0_1_v_5_0_5,居家生活&p_ic,0.014333511885664896,106.25,-0.38874803189486895,-0.22059342761157602,0.47619047619047616,0.0,20,0.5
2,p_20_0_1_v_5_0_6,居家生活&p_ic,0.014333511885664896,106.25,-0.38874803189486895,-0.22059342761157602,0.47619047619047616,0.0,20,0.6
3,p_20_0_1_v_5_0_7,居家生活&p_ic,0.014333511885664896,106.25,-0.38874803189486895,-0.22059342761157602,0.47619047619047616,0.0,20,0.7
4,p_20_0_1_v_5_0_8,居家生活&p_ic,0.020431445542206106,93.49,-0.38874803189486795,-0.22914298002533615,0.5,0.0,20,0.8
5,p_40_0_1_v_5_0_4,居家生活&p_ic,0.05929251141867686,50.13,-0.26554614957132816,-0.13426385186527984,0.5111111111111111,0.0,40,0.4
6,p_40_0_1_v_5_0_5,居家生活&p_ic,0.05561089868267288,52.16,-0.26554614957132816,-0.13815379162616712,0.5,0.0,40,0.5
7,p_40_0_1_v_5_0_6,居家生活&p_ic,0.05561089868267288,52.16,-0.26554614957132816,-0.13815379162616712,0.5,0.0,40,0.6
8,p_40_0_1_v_5_0_7,居家生活&p_ic,0.05561089868267288,52.16,-0.26554614957132816,-0.13815379162616712,0.5,0.0,40,0.7
9,p_40_0_1_v_5_0_8,居家生活&p_ic,0.06195698224578239,49.64,-0.35125768128587964,-0.14670334403992755,0.5217391304347826,0.0,40,0.8
10,p_60_0_1_v_5_0_4,居家生活&p_ic,0.04908997828103234,66.28,-0.35125768128587964,-0.1261689714915476,0.575,0.0,60,0.4
11,p_60_0_1_v_5_0_5,居家生活&p_ic,0.04908997828103234,66.28,-0.35125768128587964,-0.1261689714915476,0.575,0.0,60,0.5
12,p_60_0_1_v_5_0_6,居家生活&p_ic,0.04854541010807911,66.89,-0.35125768128587964,-0.1283689244563933,0.5609756097560976,0.0,60,0.6
13,p_60_0_1_v_5_0_7,居家生活&p_ic,0.04854541010807911,66.89,-0.35125768128587964,-0.1283689244563933,0.5609756097560976,0.0,60,0.7
14,p_60_0_1_v_5_0_8,居家生活&p_ic,0.04854541010807911,66.89,-0.35125768128587964,-0.1283689244563933,0.5609756097560976,0.0,60,0.8
15,p_80_0_1_v_5_0_4,居家生活&p_ic,0.07701010592258872,40.6,-0.35125768128587964,-0.1343422764945294,0.575,0.0,80,0.4
16,p_80_0_1_v_5_0_5,居家生活&p_ic,0.07701010592258872,40.6,-0.35125768128587964,-0.1343422764945294,0.575,0.0,80,0.5
17,p_80_0_1_v_5_0_6,居家生活&p_ic,0.07645104479553866,40.92,-0.35125768128587964,-0.13646672141295804,0.5609756097560976,0.0,80,0.6
18,p_80_0_1_v_5_0_7,居家生活&p_ic,0.07645104479553866,40.92,-0.35125768128587964,-0.13646672141295804,0.5609756097560976,0.0,80,0.7
19,p_80_0_1_v_5_0_8,居家生活&p_ic,0.0751289868755094,41.32,-0.35125768128587964,-0.13929249823219036,0.5681818181818182,0.0,80,0.8
20,p_100_0_1_v_5_0_4,居家生活&p_ic,0.05339972422845629,51.84,-0.3512576812858793,-0.1397780423733298,0.5405405405405406,0.0,100,0.4
21,p_100_0_1_v_5_0_5,居家生活&p_ic,0.06592014469669483,45.97,-0.3512576812858793,-0.1316362898124207,0.5526315789473685,0.0,100,0.5
22,p_100_0_1_v_5_0_6,居家生活&p_ic,0.06592014469669483,45.97,-0.3512576812858793,-0.1316362898124207,0.5526315789473685,0.0,100,0.6
23,p_100_0_1_v_5_0_7,居家生活&p_ic,0.06082235066856034,49.65,-0.3512576812858793,-0.1402500594454549,0.5384615384615384,0.0,100,0.7
24,p_100_0_1_v_5_0_8,居家生活&p_ic,0.06265559199780402,49.42,-0.35125768128587964,-0.14211382248382698,0.5581395348837209,0.0,100,0.8
25,p_20_0_1_v_5_0_4,建材營造&pb,0.04862153411258574,78.32,-0.3979204050023407,-0.06620431850356157,0.5481171548117155,0.0,20,0.4
26,p_20_0_1_v_5_0_5,建材營造&pb,0.04896634395766064,77.03,-0.3979204050023407,-0.06716639069346277,0.5368852459016393,0.0,20,0.5
27,p_20_0_1_v_5_0_6,建材營造&pb,0.04896634395766064,77.03,-0.3979204050023407,-0.06716639069346277,0.5368852459016393,0.0,20,0.6
28,p_20_0_1_v_5_0_7,建材營造&pb,0.04896634395766064,77.03,-0.3979204050023407,-0.06716639069346277,0.5368852459016393,0.0,20,0.7
29,p_20_0_1_v_5_0_8,建材營造&pb,0.04893417369918773,77.04,-0.3979204050023407,-0.06771224664982374,0.5397489539748954,0.0,20,0.8
30,p_40_0_1_v_5_0_4,建材營造&pb,0.04358558206609797,83.13,-0.3979204050023405,-0.06409674320481429,0.5284552845528455,0.0,40,0.4
31,p_40_0_1_v_5_0_5,建材營造&pb,0.042278846965301486,85.82,-0.3979204050023405,-0.06680771015233673,0.52,0.0,40,0.5
32,p_40_0_1_v_5_0_6,建材營造&pb,0.042278846965301486,85.82,-0.3979204050023405,-0.06680771015233673,0.52,0.0,40,0.6
33,p_40_0_1_v_5_0_7,建材營造&pb,0.041470924594740444,87.61,-0.3979204050023405,-0.06714094490359473,0.5180722891566265,0.0,40,0.7
34,p_40_0_1_v_5_0_8,建材營造&pb,0.04469676356351404,87.56,-0.39792040500234094,-0.06752138781155768,0.525691699604743,0.0,40,0.8
35,p_60_0_1_v_5_0_4,建材營造&pb,0.046200020568552214,79.89,-0.3812451863608315,-0.05858290292241975,0.5349794238683128,0.0,60,0.4
36,p_60_0_1_v_5_0_5,建材營造&pb,0.04330078603461884,85.36,-0.3912623080237525,-0.06337539059115867,0.5303643724696356,0.0,60,0.5
37,p_60_0_1_v_5_0_6,建材營造&pb,0.04330078603461884,85.36,-0.3912623080237525,-0.06337539059115867,0.5303643724696356,0.0,60,0.6
38,p_60_0_1_v_5_0_7,建材營造&pb,0.041284624183898444,87.16,-0.39126230802375217,-0.06351031333308489,0.5224489795918368,0.0,60,0.7
39,p_60_0_1_v_5_0_8,建材營造&pb,0.0442889472281045,87.39,-0.3912623080237524,-0.0647388096726682,0.5282258064516129,0.0,60,0.8
40,p_80_0_1_v_5_0_4,建材營造&pb,0.052329816990215994,74.5,-0.3736196303752216,-0.05893563538681299,0.5276595744680851,0.0,80,0.4
41,p_80_0_1_v_5_0_5,建材營造&pb,0.04741061310290551,79.87,-0.3846096589587562,-0.06297194797716976,0.5188284518828452,0.0,80,0.5
42,p_80_0_1_v_5_0_6,建材營造&pb,0.04813802497646469,78.66,-0.3846096589587562,-0.06203392269944743,0.5147679324894515,0.0,80,0.6
43,p_80_0_1_v_5_0_7,建材營造&pb,0.04604099295052766,80.06,-0.3846096589587561,-0.06306027839254523,0.5104602510460251,0.0,80,0.7
44,p_80_0_1_v_5_0_8,建材營造&pb,0.04897674007796993,79.32,-0.3846096589587562,-0.06535221274990509,0.5168067226890757,0.0,80,0.8
45,p_100_0_1_v_5_0_4,建材營造&pb,0.055134796312091616,73.11,-0.400695331352488,-0.06662620463023537,0.5205479452054794,0.0,100,0.4
46,p_100_0_1_v_5_0_5,建材營造&pb,0.04916738889618011,79.01,-0.3922090918975162,-0.06601117621682967,0.5067264573991032,0.0,100,0.5
47,p_100_0_1_v_5_0_6,建材營造&pb,0.04851588949041452,79.72,-0.3922090918975162,-0.06557569689146105,0.5087719298245614,0.0,100,0.6
48,p_100_0_1_v_5_0_7,建材營造&pb,0.04624593419467149,80.57,-0.3922090918975163,-0.06661512280000587,0.5066666666666667,0.0,100,0.7
49,p_100_0_1_v_5_0_8,建材營造&pb,0.04760346477023769,83.06,-0.3922090918975162,-0.06806148112299823,0.5042735042735043,0.0,100,0.8
50,p_20_0_1_v_5_0_4,居家生活&ev_s,-0.018087302963336604,93.38,-0.4069828682021933,-0.18047894470282086,0.4642857142857143,0.0,20,0.4
51,p_20_0_1_v_5_0_5,居家生活&ev_s,-0.0076945516282972415,110.04,-0.40653180169417724,-0.1797673716351237,0.4827586206896552,0.0,20,0.5
52,p_20_0_1_v_5_0_6,居家生活&ev_s,-0.009261194630624137,108.88,-0.40653180169417724,-0.1839569812014153,0.4666666666666667,0.0,20,0.6
53,p_20_0_1_v_5_0_7,居家生活&ev_s,-0.009261194630624137,108.88,-0.40653180169417724,-0.1839569812014153,0.4666666666666667,0.0,20,0.7
54,p_20_0_1_v_5_0_8,居家生活&ev_s,-0.0031011112672201246,108.04,-0.45266721384320785,-0.2481121713381233,0.5,0.0,20,0.8
55,p_40_0_1_v_5_0_4,居家生活&ev_s,-0.018158281694081957,91.28,-0.3931391500911231,-0.19173986832857015,0.46875,0.0,40,0.4
56,p_40_0_1_v_5_0_5,居家生活&ev_s,-0.019082420053765592,90.51,-0.42780539272537,-0.18813505979380346,0.46153846153846156,0.0,40,0.5
57,p_40_0_1_v_5_0_6,居家生活&ev_s,-0.02063108399086666,88.95,-0.42780539272537,-0.19219650707292368,0.4444444444444444,0.0,40,0.6
58,p_40_0_1_v_5_0_7,居家生活&ev_s,-0.02063108399086666,88.95,-0.42780539272537,-0.19219650707292368,0.4444444444444444,0.0,40,0.7
59,p_40_0_1_v_5_0_8,居家生活&ev_s,-0.016348119368958303,94.95,-0.5584309620852246,-0.3503799198934137,0.5,0.0,40,0.8
60,p_60_0_1_v_5_0_4,居家生活&ev_s,0.0037811761539487954,178.14,-0.4090633924340078,-0.20523644320995477,0.55,0.0,60,0.4
61,p_60_0_1_v_5_0_5,居家生活&ev_s,0.0037811761539487954,178.14,-0.4090633924340078,-0.20523644320995477,0.55,0.0,60,0.5
62,p_60_0_1_v_5_0_6,居家生活&ev_s,0.003584077765026228,179.15,-0.4090633924340078,-0.20580401993349012,0.5365853658536586,0.0,60,0.6
63,p_60_0_1_v_5_0_7,居家生活&ev_s,0.003584077765026228,179.15,-0.4090633924340078,-0.20580401993349012,0.5365853658536586,0.0,60,0.7
64,p_60_0_1_v_5_0_8,居家生活&ev_s,0.003584077765026228,179.15,-0.4090633924340078,-0.20580401993349012,0.5365853658536586,0.0,60,0.8
65,p_80_0_1_v_5_0_4,居家生活&ev_s,0.011318912904425105,128.88,-0.3512576812858793,-0.15307487631791888,0.5625,0.0,80,0.4
66,p_80_0_1_v_5_0_5,居家生活&ev_s,0.011318912904425105,128.88,-0.3512576812858793,-0.15307487631791888,0.5625,0.0,80,0.5
67,p_80_0_1_v_5_0_6,居家生活&ev_s,0.009774927781091014,136.1,-0.3512576812858793,-0.1579476963888053,0.5454545454545454,0.0,80,0.6
68,p_80_0_1_v_5_0_7,居家生活&ev_s,0.0061368044398548705,145.63,-0.3512576812858793,-0.16688502847077394,0.5294117647058824,0.0,80,0.7
69,p_80_0_1_v_5_0_8,居家生活&ev_s,0.007634938962032933,163.75,-0.3512576812858793,-0.16560101500727495,0.5384615384615384,0.0,80,0.8
70,p_100_0_1_v_5_0_4,居家生活&ev_s,0.011318912904425105,128.88,-0.3512576812858793,-0.15307487631791888,0.5625,0.0,100,0.4
71,p_100_0_1_v_5_0_5,居家生活&ev_s,0.011318912904425105,128.88,-0.3512576812858793,-0.15307487631791888,0.5625,0.0,100,0.5
72,p_100_0_1_v_5_0_6,居家生活&ev_s,0.009774927781091014,136.1,-0.3512576812858793,-0.1579476963888053,0.5454545454545454,0.0,100,0.6
73,p_100_0_1_v_5_0_7,居家生活&ev_s,0.00020868268103768628,162.85,-0.4090633924340078,-0.2106362022053818,0.5142857142857142,0.0,100,0.7
74,p_100_0_1_v_5_0_8,居家生活&ev_s,0.0016979902486513598,183.02,-0.4090633924340078,-0.21363492490568506,0.525,0.0,100,0.8
75,p_20_0_1_v_5_0_4,建材營造&p_ic,0.08780823792708548,44.86,-0.36426211907512973,-0.09913080057762431,0.49586776859504134,0.0,20,0.4
76,p_20_0_1_v_5_0_5,建材營造&p_ic,0.08864396978570821,44.65,-0.347773605477257,-0.09837254558050253,0.4897959183673469,0.0,20,0.5
77,p_20_0_1_v_5_0_6,建材營造&p_ic,0.08039177535282294,46.19,-0.3477736054772569,-0.10382773471186611,0.48582995951417,0.0,20,0.6
78,p_20_0_1_v_5_0_7,建材營造&p_ic,0.08039177535282294,46.19,-0.3477736054772569,-0.10382773471186611,0.48582995951417,0.0,20,0.7
79,p_20_0_1_v_5_0_8,建材營造&p_ic,0.08014156909007863,46.28,-0.3477736054772569,-0.10438436477972975,0.48760330578512395,0.0,20,0.8
80,p_40_0_1_v_5_0_4,建材營造&p_ic,0.09425252706150422,39.83,-0.3642621190751296,-0.09146551773174502,0.5044642857142857,0.0,40,0.4
81,p_40_0_1_v_5_0_5,建材營造&p_ic,0.09783373369957826,38.65,-0.3477736054772569,-0.09125035777895386,0.49557522123893805,0.0,40,0.5
82,p_40_0_1_v_5_0_6,建材營造&p_ic,0.09402441289261465,39.34,-0.347773605477257,-0.09434972315291124,0.49333333333333335,0.0,40,0.6
83,p_40_0_1_v_5_0_7,建材營造&p_ic,0.08719959069650751,43.61,-0.3477736054772569,-0.09336216852227487,0.48917748917748916,0.0,40,0.7
84,p_40_0_1_v_5_0_8,建材營造&p_ic,0.08676808473804964,44.9,-0.34777360547725666,-0.09331485508340621,0.4918032786885246,0.0,40,0.8
85,p_60_0_1_v_5_0_4,建材營造&p_ic,0.07562297373235172,45.36,-0.39819312870134993,-0.11058789895254809,0.5066079295154186,0.0,60,0.4
86,p_60_0_1_v_5_0_5,建材營造&p_ic,0.08482608478922549,42.22,-0.3488493657347932,-0.10079193810400437,0.5,0.0,60,0.5
87,p_60_0_1_v_5_0_6,建材營造&p_ic,0.08315372883419503,42.68,-0.36531068373343367,-0.10434722873729031,0.5,0.0,60,0.6
88,p_60_0_1_v_5_0_7,建材營造&p_ic,0.07630616607214202,48.2,-0.36531068373343356,-0.10385259807189096,0.49783549783549785,0.0,60,0.7
89,p_60_0_1_v_5_0_8,建材營造&p_ic,0.07463905275465432,50.15,-0.36531068373343345,-0.10281584501802252,0.49572649572649574,0.0,60,0.8
90,p_80_0_1_v_5_0_4,建材營造&p_ic,0.07577827832366557,50.88,-0.3497883528570612,-0.10941072692758601,0.4977168949771689,0.0,80,0.4
91,p_80_0_1_v_5_0_5,建材營造&p_ic,0.07651847829795178,49.69,-0.3497883528570612,-0.10952144269261224,0.4954954954954955,0.0,80,0.5
92,p_80_0_1_v_5_0_6,建材營造&p_ic,0.07446981783471718,50.26,-0.3664358849921995,-0.11166692507727782,0.4909090909090909,0.0,80,0.6
93,p_80_0_1_v_5_0_7,建材營造&p_ic,0.07628848556303125,49.08,-0.3664358849921995,-0.10912285874484817,0.4977578475336323,0.0,80,0.7
94,p_80_0_1_v_5_0_8,建材營造&p_ic,0.07806578939092823,48.63,-0.34825085240036,-0.1095850859106522,0.4977578475336323,0.0,80,0.8
95,p_100_0_1_v_5_0_4,建材營造&p_ic,0.09273392423682902,45.41,-0.3414105266873678,-0.09741506947629973,0.49214659685863876,0.0,100,0.4
96,p_100_0_1_v_5_0_5,建材營造&p_ic,0.09231505414041119,45.01,-0.3414105266873678,-0.10006603199635308,0.48484848484848486,0.0,100,0.5
97,p_100_0_1_v_5_0_6,建材營造&p_ic,0.09139265210582836,44.43,-0.35827255841044037,-0.10133724485563977,0.49261083743842365,0.0,100,0.6
98,p_100_0_1_v_5_0_7,建材營造&p_ic,0.09220021382047161,43.63,-0.3582725584104405,-0.09825129261721278,0.5047619047619047,0.0,100,0.7
99,p_100_0_1_v_5_0_8,建材營造&p_ic,0.09356904412985534,43.29,-0.33985321589411077,-0.10041442483515688,0.4976958525345622,0.0,100,0.8
100,p_20_0_1_v_5_0_4,半導體&pb,0.020210649965066052,101.85,-0.3559049387997919,-0.09024211642272902,0.473972602739726,0.0,20,0.4
101,p_20_0_1_v_5_0_5,半導體&pb,0.018235591726114775,102.19,-0.3611446020993312,-0.09069438244507215,0.46883468834688347,0.0,20,0.5
102,p_20_0_1_v_5_0_6,半導體&pb,0.019131698778926065,99.41,-0.35842205044910813,-0.09046341662753027,0.46883468834688347,0.0,20,0.6
103,p_20_0_1_v_5_0_7,半導體&pb,0.019138913594445084,99.39,-0.3584220504491087,-0.09045121960179052,0.46756756756756757,0.0,20,0.7
104,p_20_0_1_v_5_0_8,半導體&pb,0.0160394826096395,107.82,-0.3632189266711954,-0.09203400425878838,0.4672131147540984,0.0,20,0.8
105,p_40_0_1_v_5_0_4,半導體&pb,0.019727973023584866,107.82,-0.35100567018901574,-0.08746828537852422,0.46175637393767704,0.0,40,0.4
106,p_40_0_1_v_5_0_5,半導體&pb,0.01948225875189391,103.11,-0.3621591640302888,-0.08928768935809085,0.4626038781163435,0.0,40,0.5
107,p_40_0_1_v_5_0_6,半導體&pb,0.020634587468009613,100.21,-0.35165774175000475,-0.08895582297587744,0.4696132596685083,0.0,40,0.6
108,p_40_0_1_v_5_0_7,半導體&pb,0.02220756279215519,95.78,-0.35288085321611995,-0.08932368612584012,0.47107438016528924,0.0,40,0.7
109,p_40_0_1_v_5_0_8,半導體&pb,0.016272779043178476,107.66,-0.35804575853059983,-0.09124325582338719,0.4697802197802198,0.0,40,0.8
110,p_60_0_1_v_5_0_4,半導體&pb,0.01735335957974926,110.93,-0.36105547291740603,-0.08959421878604995,0.4594594594594595,0.0,60,0.4
111,p_60_0_1_v_5_0_5,半導體&pb,0.018298452541004595,104.07,-0.36482431886669486,-0.09114797206356227,0.4678362573099415,0.0,60,0.5
112,p_60_0_1_v_5_0_6,半導體&pb,0.018843987445048338,101.04,-0.359510592518025,-0.09075771452269478,0.4753623188405797,0.0,60,0.6
113,p_60_0_1_v_5_0_7,半導體&pb,0.019611889073012145,98.36,-0.36191869430055335,-0.09234254667822815,0.4714285714285714,0.0,60,0.7
114,p_60_0_1_v_5_0_8,半導體&pb,0.016578454337945026,108.91,-0.3572652576505225,-0.08813212650611396,0.47413793103448276,0.0,60,0.8
115,p_80_0_1_v_5_0_4,半導體&pb,0.02334157460877795,95.63,-0.36007418836404925,-0.08885749283675773,0.4653179190751445,0.0,80,0.4
116,p_80_0_1_v_5_0_5,半導體&pb,0.023246955836635497,92.95,-0.3600847668094179,-0.09079335842581927,0.4700854700854701,0.0,80,0.5
117,p_80_0_1_v_5_0_6,半導體&pb,0.021786643505499192,96.95,-0.3589126604991466,-0.09108968772983622,0.4676056338028169,0.0,80,0.6
118,p_80_0_1_v_5_0_7,半導體&pb,0.019449859100754807,103.36,-0.3609715848294409,-0.09291965524094847,0.46537396121883656,0.0,80,0.7
119,p_80_0_1_v_5_0_8,半導體&pb,0.01953375237344379,97.88,-0.36280700708311775,-0.09057613767970302,0.4692737430167598,0.0,80,0.8
120,p_100_0_1_v_5_0_4,半導體&pb,0.02244194534802113,97.89,-0.36653124573681206,-0.0871420009335184,0.46920821114369504,0.0,100,0.4
121,p_100_0_1_v_5_0_5,半導體&pb,0.02173866583767392,97.42,-0.36459565949215245,-0.0891191318695409,0.47246376811594204,0.0,100,0.5
122,p_100_0_1_v_5_0_6,半導體&pb,0.021319341995748475,98.16,-0.3687965246287631,-0.09016007583717028,0.4697406340057637,0.0,100,0.6
123,p_100_0_1_v_5_0_7,半導體&pb,0.019862109267536177,102.95,-0.36901448911987034,-0.09060978119024403,0.4659090909090909,0.0,100,0.7
124,p_100_0_1_v_5_0_8,半導體&pb,0.018317960507925335,100.88,-0.37080348145164566,-0.09031982248251517,0.4704225352112676,0.0,100,0.8
125,p_20_0_1_v_5_0_4,居家生活&ps,0.014180744420176028,96.38,-0.32635766263856436,-0.1038107297936636,0.5588235294117647,0.0,20,0.4
126,p_20_0_1_v_5_0_5,居家生活&ps,0.013247019658818582,98.29,-0.32635766263856514,-0.10447130073860082,0.5277777777777778,0.0,20,0.5
127,p_20_0_1_v_5_0_6,居家生活&ps,0.011700090886248793,102.28,-0.3598999137646828,-0.11287731776070677,0.5135135135135135,0.0,20,0.6
128,p_20_0_1_v_5_0_7,居家生活&ps,0.011700090886248793,102.28,-0.3598999137646828,-0.11287731776070677,0.5135135135135135,0.0,20,0.7
129,p_20_0_1_v_5_0_8,居家生活&ps,0.01778219303731765,91.46,-0.3598999137646822,-0.1632496807688709,0.5384615384615384,0.0,20,0.8
130,p_40_0_1_v_5_0_4,居家生活&ps,0.0070209791332356275,141.51,-0.35151144603155404,-0.13042485810723717,0.5,0.0,40,0.4
131,p_40_0_1_v_5_0_5,居家生活&ps,0.0025457743366532615,132.21,-0.35438224864419365,-0.13827189923253658,0.47058823529411764,0.0,40,0.5
132,p_40_0_1_v_5_0_6,居家生活&ps,0.0010151832033460373,137.55,-0.35438224864419365,-0.14673862858675113,0.45714285714285713,0.0,40,0.6
133,p_40_0_1_v_5_0_7,居家生活&ps,-0.0007750085445710209,135.85,-0.3598999137646822,-0.14789722610819284,0.47058823529411764,0.0,40,0.7
134,p_40_0_1_v_5_0_8,居家生活&ps,0.005232096253263929,123.53,-0.4583842764372953,-0.24224020330229612,0.5,0.0,40,0.8
135,p_60_0_1_v_5_0_4,居家生活&ps,0.020459804891751476,107.42,-0.3703333070748148,-0.17069390878341015,0.55,0.0,60,0.4
136,p_60_0_1_v_5_0_5,居家生活&ps,0.020459804891751476,107.42,-0.3703333070748148,-0.17069390878341015,0.55,0.0,60,0.5
137,p_60_0_1_v_5_0_6,居家生活&ps,0.020259431555129437,108.15,-0.3703333070748148,-0.17066848640063698,0.5365853658536586,0.0,60,0.6
138,p_60_0_1_v_5_0_7,居家生活&ps,0.020699670724179553,115.5,-0.37033330707481515,-0.1761227878916751,0.525,0.0,60,0.7
139,p_60_0_1_v_5_0_8,居家生活&ps,0.020699670724179553,115.5,-0.37033330707481515,-0.1761227878916751,0.525,0.0,60,0.8
140,p_80_0_1_v_5_0_4,居家生活&ps,0.023293436619092667,80.12,-0.3703333070748148,-0.1707605262366084,0.5757575757575758,0.0,80,0.4
141,p_80_0_1_v_5_0_5,居家生活&ps,0.023293436619092667,80.12,-0.3703333070748148,-0.1707605262366084,0.5757575757575758,0.0,80,0.5
142,p_80_0_1_v_5_0_6,居家生活&ps,0.021731169936659134,83.68,-0.3703333070748148,-0.17345403265327064,0.5588235294117647,0.0,80,0.6
143,p_80_0_1_v_5_0_7,居家生活&ps,0.018049969388351572,89.56,-0.3703333070748148,-0.1811038454431502,0.5428571428571428,0.0,80,0.7
144,p_80_0_1_v_5_0_8,居家生活&ps,0.024453069889895707,92.18,-0.3703333070748148,-0.16636062002785737,0.55,0.0,80,0.8
145,p_100_0_1_v_5_0_4,居家生活&ps,0.010608786555092564,92.22,-0.3808266273351233,-0.1692821653029622,0.5517241379310345,0.0,100,0.4
146,p_100_0_1_v_5_0_5,居家生活&ps,0.010608786555092564,92.22,-0.3808266273351233,-0.1692821653029622,0.5517241379310345,0.0,100,0.5
147,p_100_0_1_v_5_0_6,居家生活&ps,0.009065885584843114,97.18,-0.3808266273351233,-0.17197567171962438,0.5333333333333333,0.0,100,0.6
148,p_100_0_1_v_5_0_7,居家生活&ps,0.005430316855425055,105.43,-0.3808266273351233,-0.17962548450950405,0.5161290322580645,0.0,100,0.7
149,p_100_0_1_v_5_0_8,居家生活&ps,0.021597394897332478,96.59,-0.3808266273351234,-0.1693074966876799,0.5526315789473685,0.0,100,0.8
150,p_20_0_1_v_5_0_4,建材營造&ps,0.06455179701787639,48.03,-0.29816430626243995,-0.05937543881916091,0.48770491803278687,0.0,20,0.4
151,p_20_0_1_v_5_0_5,建材營造&ps,0.06585581185064915,47.72,-0.27178457411772217,-0.05595829674806066,0.48360655737704916,0.0,20,0.5
152,p_20_0_1_v_5_0_6,建材營造&ps,0.06175153057672911,49.64,-0.27178457411772217,-0.06266816877314883,0.4816326530612245,0.0,20,0.6
153,p_20_0_1_v_5_0_7,建材營造&ps,0.06175153057672911,49.64,-0.27178457411772217,-0.06266816877314883,0.4816326530612245,0.0,20,0.7
154,p_20_0_1_v_5_0_8,建材營造&ps,0.0626781741138227,48.77,-0.27178457411772217,-0.06388964908213753,0.4854771784232365,0.0,20,0.8
155,p_40_0_1_v_5_0_4,建材營造&ps,0.06298274562836226,47.89,-0.3012187871215227,-0.058184838218756856,0.4956521739130435,0.0,40,0.4
156,p_40_0_1_v_5_0_5,建材營造&ps,0.0670219535739025,45.91,-0.2718943637648761,-0.054341487396659095,0.49130434782608695,0.0,40,0.5
157,p_40_0_1_v_5_0_6,建材營造&ps,0.0629131818486619,47.64,-0.2718943637648761,-0.061185045999478,0.48917748917748916,0.0,40,0.6
158,p_40_0_1_v_5_0_7,建材營造&ps,0.06735681839183383,46.61,-0.27189436376487586,-0.06025567460570639,0.4935064935064935,0.0,40,0.7
159,p_40_0_1_v_5_0_8,建材營造&ps,0.06655532205049264,47.52,-0.27189436376487586,-0.06029827514817182,0.4899598393574297,0.0,40,0.8
160,p_60_0_1_v_5_0_4,建材營造&ps,0.05691995923707127,50.87,-0.2798224366218711,-0.06369525691814004,0.4936708860759494,0.0,60,0.4
161,p_60_0_1_v_5_0_5,建材營造&ps,0.06346543795704518,47.74,-0.27189436376487597,-0.06337010055569973,0.4915254237288136,0.0,60,0.5
162,p_60_0_1_v_5_0_6,建材營造&ps,0.061627339788074,48.23,-0.3012187871215227,-0.06796537445067231,0.4892703862660944,0.0,60,0.6
163,p_60_0_1_v_5_0_7,建材營造&ps,0.0673809406099346,46.69,-0.3012187871215225,-0.06660293492721525,0.4978540772532189,0.0,60,0.7
164,p_60_0_1_v_5_0_8,建材營造&ps,0.06648790896381462,47.44,-0.3012187871215225,-0.0654152127505848,0.4978902953586498,0.0,60,0.8
165,p_80_0_1_v_5_0_4,建材營造&ps,0.05896552919923903,50.25,-0.27687781646221343,-0.0679263771039816,0.4933920704845815,0.0,80,0.4
166,p_80_0_1_v_5_0_5,建材營造&ps,0.05982494676587602,48.9,-0.2768778164622132,-0.06996990870333827,0.4889867841409692,0.0,80,0.5
167,p_80_0_1_v_5_0_6,建材營造&ps,0.059027046567704744,49.11,-0.3012187871215225,-0.07197051164535319,0.4868421052631579,0.0,80,0.6
168,p_80_0_1_v_5_0_7,建材營造&ps,0.06795940547227652,46.85,-0.3012187871215225,-0.06807030567318438,0.4956521739130435,0.0,80,0.7
169,p_80_0_1_v_5_0_8,建材營造&ps,0.06882273658982974,46.24,-0.3012187871215225,-0.06760804739100228,0.5022026431718062,0.0,80,0.8
170,p_100_0_1_v_5_0_4,建材營造&ps,0.05638723950203128,49.85,-0.24952485043374895,-0.06117940899048655,0.49222797927461137,0.0,100,0.4
171,p_100_0_1_v_5_0_5,建材營造&ps,0.05675130923155525,48.58,-0.27189436376487575,-0.06772220214084569,0.4824120603015075,0.0,100,0.5
172,p_100_0_1_v_5_0_6,建材營造&ps,0.06068328988746696,47.47,-0.3012187871215226,-0.07151647910894143,0.48826291079812206,0.0,100,0.6
173,p_100_0_1_v_5_0_7,建材營造&ps,0.07492792412616511,44.88,-0.3012187871215224,-0.06418475832681557,0.5,0.0,100,0.7
174,p_100_0_1_v_5_0_8,建材營造&ps,0.07559726745842621,44.43,-0.3012187871215224,-0.06331027558764028,0.5,0.0,100,0.8
175,p_20_0_1_v_5_0_4,半導體&p_ic,0.00868185490364115,129.11,-0.3620162951688798,-0.16746542964385555,0.43213296398891965,0.0,20,0.4
176,p_20_0_1_v_5_0_5,半導體&p_ic,0.01137318846276636,122.6,-0.3620162951688798,-0.1528887737882823,0.430939226519337,0.0,20,0.5
177,p_20_0_1_v_5_0_6,半導體&p_ic,0.010349566176367953,122.76,-0.36653454880834446,-0.16229334915965363,0.43370165745856354,0.0,20,0.6
178,p_20_0_1_v_5_0_7,半導體&p_ic,0.010632201218510717,122.58,-0.3787906179295665,-0.1601047538218577,0.4301369863013699,0.0,20,0.7
179,p_20_0_1_v_5_0_8,半導體&p_ic,0.008370122219922171,126.57,-0.37664217696558566,-0.17249165339642375,0.4305555555555556,0.0,20,0.8
180,p_40_0_1_v_5_0_4,半導體&p_ic,0.014698511287856375,133.12,-0.3940837299418536,-0.15938764542155728,0.4332344213649852,0.0,40,0.4
181,p_40_0_1_v_5_0_5,半導體&p_ic,0.016451553872508073,129.62,-0.3827049522689797,-0.14157100552068524,0.4306784660766962,0.0,40,0.5
182,p_40_0_1_v_5_0_6,半導體&p_ic,0.01570828364373278,121.49,-0.36653454880834424,-0.13985825578320296,0.4365781710914454,0.0,40,0.6
183,p_40_0_1_v_5_0_7,半導體&p_ic,0.01564061486415147,121.89,-0.37879061792956625,-0.141080459562903,0.43478260869565216,0.0,40,0.7
184,p_40_0_1_v_5_0_8,半導體&p_ic,0.011687670731075794,130.25,-0.3766421769655851,-0.164823991453171,0.4318840579710145,0.0,40,0.8
185,p_60_0_1_v_5_0_4,半導體&p_ic,0.016843204437166248,124.61,-0.40207047987646527,-0.1705903835461851,0.43670886075949367,0.0,60,0.4
186,p_60_0_1_v_5_0_5,半導體&p_ic,0.016346819171182414,124.79,-0.39060218168935057,-0.1682029136407327,0.4409937888198758,0.0,60,0.5
187,p_60_0_1_v_5_0_6,半導體&p_ic,0.016667695056257203,124.84,-0.36687581160131366,-0.1638301706005941,0.4434250764525994,0.0,60,0.6
188,p_60_0_1_v_5_0_7,半導體&p_ic,0.01254879426706923,126.82,-0.37879061792956625,-0.1742183847502111,0.4427710843373494,0.0,60,0.7
189,p_60_0_1_v_5_0_8,半導體&p_ic,0.011236267810325717,127.56,-0.3766421769655851,-0.1838708942044002,0.437125748502994,0.0,60,0.8
190,p_80_0_1_v_5_0_4,半導體&p_ic,0.01794186228934147,127.34,-0.3827049522689797,-0.13507069912586198,0.4382716049382716,0.0,80,0.4
191,p_80_0_1_v_5_0_5,半導體&p_ic,0.01878939711098715,124.71,-0.36767343517521756,-0.13119649855349846,0.43636363636363634,0.0,80,0.5
192,p_80_0_1_v_5_0_6,半導體&p_ic,0.01432706916165749,127.41,-0.3440267448261264,-0.15608714141645194,0.4332344213649852,0.0,80,0.6
193,p_80_0_1_v_5_0_7,半導體&p_ic,0.012994304091900055,130.92,-0.35819489748382405,-0.16256079639705895,0.43478260869565216,0.0,80,0.7
194,p_80_0_1_v_5_0_8,半導體&p_ic,0.016265633996223938,127.87,-0.35819489748382405,-0.14158264956098784,0.4314868804664723,0.0,80,0.8
195,p_100_0_1_v_5_0_4,半導體&p_ic,0.022792514646092776,112.22,-0.3827049522689797,-0.10379490700010832,0.44171779141104295,0.0,100,0.4
196,p_100_0_1_v_5_0_5,半導體&p_ic,0.020011728223933378,116.48,-0.3827049522689797,-0.11826453963756703,0.43962848297213625,0.0,100,0.5
197,p_100_0_1_v_5_0_6,半導體&p_ic,0.018781869219910652,119.2,-0.35819489748382405,-0.1296011085804591,0.4369230769230769,0.0,100,0.6
198,p_100_0_1_v_5_0_7,半導體&p_ic,0.019404829584411365,117.78,-0.36516812030113,-0.13324535474656504,0.44108761329305135,0.0,100,0.7
199,p_100_0_1_v_5_0_8,半導體&p_ic,0.019081151209908498,119.08,-0.3598920799662936,-0.13606612795531772,0.44144144144144143,0.0,100,0.8
200,p_20_0_1_v_5_0_4,居家生活&roe,-0.0035880749473751195,91.79,-0.35663331583542457,-0.155112971495594,0.4827586206896552,0.0,20,0.4
201,p_20_0_1_v_5_0_5,居家生活&roe,-0.0035880749473751195,91.79,-0.35663331583542457,-0.155112971495594,0.4827586206896552,0.0,20,0.5
202,p_20_0_1_v_5_0_6,居家生活&roe,-0.0037160150329289543,94.14,-0.3487050130963838,-0.15072622916161196,0.52,0.0,20,0.6
203,p_20_0_1_v_5_0_7,居家生活&roe,-0.0037160150329289543,94.14,-0.3487050130963838,-0.15072622916161196,0.52,0.0,20,0.7
204,p_20_0_1_v_5_0_8,居家生活&roe,-0.003015364129895559,93.38,-0.34870501309638346,-0.14557930906930547,0.5185185185185185,0.0,20,0.8
205,p_40_0_1_v_5_0_4,居家生活&roe,-0.012633897536866057,142.64,-0.35663331583542457,-0.18553049183149647,0.48,0.0,40,0.4
206,p_40_0_1_v_5_0_5,居家生活&roe,-0.012633897536866057,142.64,-0.35663331583542457,-0.18553049183149647,0.48,0.0,40,0.5
207,p_40_0_1_v_5_0_6,居家生活&roe,-0.012856234010201084,145.18,-0.35663331583542457,-0.1857014632110758,0.4782608695652174,0.0,40,0.6
208,p_40_0_1_v_5_0_7,居家生活&roe,-0.012856234010201084,145.18,-0.35663331583542457,-0.1857014632110758,0.4782608695652174,0.0,40,0.7
209,p_40_0_1_v_5_0_8,居家生活&roe,-0.010955086162754202,140.97,-0.3344996063694142,-0.1675776807917552,0.5,0.0,40,0.8
210,p_60_0_1_v_5_0_4,居家生活&roe,-0.00896388137396098,129.75,-0.34333323582403996,-0.13741279967274508,0.5,0.0,60,0.4
211,p_60_0_1_v_5_0_5,居家生活&roe,-0.008237627305256567,128.81,-0.33482191532891015,-0.13656832804463387,0.52,0.0,60,0.5
212,p_60_0_1_v_5_0_6,居家生活&roe,-0.008237627305256567,128.81,-0.33482191532891015,-0.13656832804463387,0.52,0.0,60,0.6
213,p_60_0_1_v_5_0_7,居家生活&roe,-0.008237627305256567,128.81,-0.33482191532891015,-0.13656832804463387,0.52,0.0,60,0.7
214,p_60_0_1_v_5_0_8,居家生活&roe,-0.008237627305256567,128.81,-0.33482191532891015,-0.13656832804463387,0.52,0.0,60,0.8
215,p_80_0_1_v_5_0_4,居家生活&roe,0.008074126240164237,71.72,-0.3433332358240395,-0.09566920620994236,0.5,0.0,80,0.4
216,p_80_0_1_v_5_0_5,居家生活&roe,0.008812866152845267,71.32,-0.3348219153289095,-0.09482473458183113,0.52,0.0,80,0.5
217,p_80_0_1_v_5_0_6,居家生活&roe,0.008812866152845267,71.32,-0.3348219153289095,-0.09482473458183113,0.52,0.0,80,0.6
218,p_80_0_1_v_5_0_7,居家生活&roe,0.008812866152845267,71.32,-0.3348219153289095,-0.09482473458183113,0.52,0.0,80,0.7
219,p_80_0_1_v_5_0_8,居家生活&roe,0.008812866152845267,71.32,-0.3348219153289095,-0.09482473458183113,0.52,0.0,80,0.8
220,p_100_0_1_v_5_0_4,居家生活&roe,0.012700511441839701,70.77,-0.30175114589324514,-0.09247709841361382,0.52,0.0,100,0.4
221,p_100_0_1_v_5_0_5,居家生活&roe,0.012700511441839701,70.77,-0.30175114589324514,-0.09247709841361382,0.52,0.0,100,0.5
222,p_100_0_1_v_5_0_6,居家生活&roe,0.013442641676036704,70.29,-0.30175114589324514,-0.0915912526000074,0.5416666666666666,0.0,100,0.6
223,p_100_0_1_v_5_0_7,居家生活&roe,0.013442641676036704,70.29,-0.30175114589324514,-0.0915912526000074,0.5416666666666666,0.0,100,0.7
224,p_100_0_1_v_5_0_8,居家生活&roe,0.013442641676036704,70.29,-0.30175114589324514,-0.0915912526000074,0.5416666666666666,0.0,100,0.8
225,p_20_0_1_v_5_0_4,半導體&ps,0.03146459607628005,73.51,-0.3878304682813273,-0.09502113837826881,0.3888888888888889,0.0,20,0.4
226,p_20_0_1_v_5_0_5,半導體&ps,0.02737001892531521,73.61,-0.38783046828132706,-0.09591803472229367,0.38661710037174724,0.0,20,0.5
227,p_20_0_1_v_5_0_6,半導體&ps,0.02692355622354281,72.98,-0.40185072685347445,-0.09952793250988481,0.3903345724907063,0.0,20,0.6
228,p_20_0_1_v_5_0_7,半導體&ps,0.027702364503590537,71.51,-0.4054952707152786,-0.09923684440395067,0.3917910447761194,0.0,20,0.7
229,p_20_0_1_v_5_0_8,半導體&ps,0.03063040909100856,69.83,-0.40549527071527824,-0.10049045466124237,0.3886792452830189,0.0,20,0.8
230,p_40_0_1_v_5_0_4,半導體&ps,0.019948105744161504,86.55,-0.38983878054443766,-0.10615651261433363,0.3784860557768924,0.0,40,0.4
231,p_40_0_1_v_5_0_5,半導體&ps,0.023105557812177047,79.72,-0.38816875094377923,-0.10018206954010359,0.3843137254901961,0.0,40,0.5
232,p_40_0_1_v_5_0_6,半導體&ps,0.022612391553599176,78.07,-0.35243524838830087,-0.10434577054800279,0.39763779527559057,0.0,40,0.6
233,p_40_0_1_v_5_0_7,半導體&ps,0.02661323653098213,71.41,-0.40549527071527847,-0.10059177759292694,0.40384615384615385,0.0,40,0.7
234,p_40_0_1_v_5_0_8,半導體&ps,0.030146681786876295,71.22,-0.40549527071527847,-0.0992653692594571,0.4,0.0,40,0.8
235,p_60_0_1_v_5_0_4,半導體&ps,0.01967971040775396,80.0,-0.4176913730972327,-0.11770227859864381,0.37815126050420167,0.0,60,0.4
236,p_60_0_1_v_5_0_5,半導體&ps,0.021584441165035884,77.31,-0.4176913730972327,-0.11157315936972698,0.3891213389121339,0.0,60,0.5
237,p_60_0_1_v_5_0_6,半導體&ps,0.026011026918223212,70.76,-0.3765748924085349,-0.10616704361693817,0.40329218106995884,0.0,60,0.6
238,p_60_0_1_v_5_0_7,半導體&ps,0.03288379526290863,62.38,-0.40549527071527836,-0.10225065761817612,0.4163265306122449,0.0,60,0.7
239,p_60_0_1_v_5_0_8,半導體&ps,0.03277770611836228,61.63,-0.40549527071527836,-0.10205983673586799,0.4139344262295082,0.0,60,0.8
240,p_80_0_1_v_5_0_4,半導體&ps,0.016221339597434214,110.03,-0.3814133988780114,-0.10426841564689211,0.36403508771929827,0.0,80,0.4
241,p_80_0_1_v_5_0_5,半導體&ps,0.016359289444194625,102.96,-0.3814133988780112,-0.10284186393066305,0.37130801687763715,0.0,80,0.5
242,p_80_0_1_v_5_0_6,半導體&ps,0.022174451940331963,83.69,-0.34280972428761713,-0.0947731323959247,0.3868312757201646,0.0,80,0.6
243,p_80_0_1_v_5_0_7,半導體&ps,0.030178834264802168,67.43,-0.3836532122450319,-0.0884686646490189,0.4024390243902439,0.0,80,0.7
244,p_80_0_1_v_5_0_8,半導體&ps,0.030455199660828658,64.81,-0.383653212245032,-0.08630973497132671,0.3958333333333333,0.0,80,0.8
245,p_100_0_1_v_5_0_4,半導體&ps,0.02112433220122134,86.4,-0.3906990982481937,-0.09003606317056784,0.36199095022624433,0.0,100,0.4
246,p_100_0_1_v_5_0_5,半導體&ps,0.020499023096953284,85.92,-0.39069909824819393,-0.09448411563192853,0.37168141592920356,0.0,100,0.5
247,p_100_0_1_v_5_0_6,半導體&ps,0.026404675367166286,71.72,-0.3784358886007816,-0.09506572436558605,0.3832599118942731,0.0,100,0.6
248,p_100_0_1_v_5_0_7,半導體&ps,0.03401947886243506,60.43,-0.3923711924719463,-0.08937769335221431,0.3922413793103448,0.0,100,0.7
249,p_100_0_1_v_5_0_8,半導體&ps,0.039493676874484906,59.76,-0.38365321224503224,-0.08646020313341102,0.3974358974358974,0.0,100,0.8
